Date,000660.KS,003490.KS,006800.KS,032830.KS,035420.KS,042660.KS,114800.KS,185750.KS,278470.KS,411060.KS,AAPL,ABBV,ABTS,ACGL,ACIC,ADI,AEP,AES,AFL,AIG,AIZ,AJG,ALB,ALLE,AME,AMZN,AOS,APA,APP,APTV,ASM,ATO,AVGO,BBY,BDX,BIL,BITO,BKR,BLK,BND,BRK-B,BRO,BSX,BTC-USD,BX,CARR,CB,CDW,CFG,CHD,CHRW,CINF,CL,CLS,CLX,CMI,CMS,CNC,CNP,COO,COP,COST,CPT,CRM,CSCO,CTRA,CTSH,CVS,CVX,D,DAL,DASH,DAVE,DBA,DD,DDOG,DE,DECK,DHR,DIS,DLR,DVN,ED,EFA,ELV,EOG,EQR,ETN,EWY,EXR,FANG,FAST,FCX,FDX,FEIM,FFIV,FICO,FITB,FSLR,FTAI,FTNT,FTV,FXI,GD,GE,GEV,GL,GLD,GLDM,GOOG,GOOGL,GPN,HAL,HBAN,HCA,HIG,HLT,HPE,HPQ,HRTG,HSIC,HSY,HUBB,IAG,IBIT,IBKR,ICE,IRM,ISRG,IT,ITW,IVZ,IWM,J,JBL,JCI,JPM,KDP,KEY,KEYS,KHC,KKR,KMI,KMX,KR,KTOS,KVUE,LDOS,LH,LHX,LMB,LMT,LOW,LQD,LUV,LVS,LYB,LYV,MA,MAMA,MAR,MAS,MCHP,MCK,MET,META,MFH,MHK,MPC,MPWR,MS,MSCI,MSFT,MTD,MU,NDSN,NEM,NFLX,NKE,NOW,NSC,NTAP,NTRS,NUE,NVDA,NVR,ODFL,OKE,ON,ORCL,ORLY,OTIS,OXY,PANW,PCG,PDD,PFG,PG,PKG,PLTR,PM,PNR,PODD,POOL,POWL,PPTA,PSIX,PSX,PTGX,QQQ,QURE,REGN,RF,RL,RMD,ROST,RTX,SGOV,SHY,SJM,SLNO,SMMT,SNA,SO,SOLV,SOXX,SPG,SPGI,SPY,STKE,STLD,STRL,STT,SW,SWKS,SYY,T,TDY,TEL,TFC,TJX,TKO,TLT,TPL,TPR,TQQQ,TROW,TRV,TSLA,TSLS,TSSI,TTWO,TXT,UAL,UAMY,UDR,ULTA,UNP,URI,USMV,V,VGT,VLO,VNQ,VRNA,VST,VTR,VWO,WDAY,WELL,WMB,WMT,WRB,WYNN,XEL,XLF,XLK,XLV,ZEPP,ZTS
2025-09-30,248.333139,16.257781,15.257302,111.910704,191.877547,78.823439,2.258224,58.670937,178.656934,19.580800,254.630005,231.539993,9.119000,90.730003,11.390000,245.699997,112.500000,13.160000,111.699997,78.540001,216.600006,309.739990,81.080002,177.350006,188.000000,219.570007,73.410004,24.280001,718.539978,86.220001,5.250000,170.750000,329.910004,75.620003,187.169998,91.750000,19.680000,48.720001,1165.869995,74.370003,502.739990,93.790001,97.629997,114056.085938,170.850006,59.700001,282.250000,159.279999,53.160000,87.629997,132.399994,158.100006,79.940002,246.380005,123.300003,422.369995,73.260002,35.680000,38.799999,68.559998,94.589996,925.630005,106.779999,237.000000,68.419998,23.650000,67.070000,75.389999,155.289993,61.169998,56.750000,271.989990,199.350006,26.760000,77.900002,142.399994,457.260010,101.370003,198.259995,114.500000,172.880005,35.060001,100.519997,93.370003,323.119995,112.120003,64.730003,374.250000,80.099998,140.940002,143.100006,49.040001,39.220001,235.809998,33.910000,323.190002,1496.530029,44.549999,220.529999,166.860001,84.080002,48.990002,41.139999,341.000000,300.820007,614.900024,142.970001,355.470001,76.449997,243.550003,243.100006,83.080002,24.600000,17.270000,426.200012,133.389999,259.440002,24.559999,27.230000,25.180000,66.370003,187.050003,430.309998,12.930000,65.000000,68.809998,168.479996,101.940002,447.230011,262.869995,260.760010,22.940001,241.960007,149.860001,217.169998,109.949997,315.429993,25.510000,18.690001,174.919998,26.040001,129.949997,28.309999,44.869999,67.410004,91.370003,16.230000,188.960007,287.059998,305.410004,97.120003,499.209991,251.309998,111.470001,31.910000,53.790001,49.040001,163.399994,568.809998,10.510000,260.440002,70.389999,64.220001,772.539978,82.370003,734.380005,24.580000,128.919998,192.740005,920.640015,158.960007,567.409973,517.950012,1227.609985,167.320007,226.949997,84.309998,1198.920044,69.730003,920.280029,300.410004,118.459999,134.600006,135.429993,186.580002,8034.660156,140.779999,72.970001,49.310001,281.239990,107.809998,91.430000,47.250000,203.619995,15.080000,132.169998,82.910004,153.649994,217.929993,182.419998,162.199997,110.760002,308.730011,310.070007,304.809998,20.230000,98.220001,136.020004,66.430000,600.369995,58.369999,562.270020,26.370001,313.559998,273.730011,152.389999,167.330002,100.699997,82.959999,108.599998,67.599998,20.660000,346.529999,94.769997,73.000000,271.119995,187.669998,486.709991,666.179993,4.340000,139.429993,339.679993,116.010002,42.570000,76.980003,82.339996,28.240000,586.039978,219.529999,45.720001,144.539993,201.960007,89.370003,933.640015,113.220001,103.400002,102.639999,279.220001,444.720001,5.380000,18.110001,258.359985,84.489998,96.500000,6.200000,37.259998,546.750000,236.369995,954.659973,95.139999,341.380005,746.630005,170.259995,91.419998,106.709999,195.919998,69.989998,54.180000,240.729996,178.139999,63.349998,103.059998,76.620003,128.270004,80.650002,53.869999,281.859985,139.169998,45.779999,146.320007
2025-10-01,256.565580,16.177885,14.966326,110.537004,181.377611,78.680111,2.230695,58.012328,186.010046,19.235292,255.449997,244.380005,10.270000,90.309998,11.150000,239.279999,112.750000,15.370000,110.750000,79.639999,217.479996,305.839996,84.470001,176.729996,187.440002,220.630005,73.099998,25.059999,704.090027,87.099998,5.400000,169.380005,333.390015,77.349998,190.940002,91.459999,19.420000,48.360001,1141.069946,74.320000,498.200012,92.760002,95.849998,118648.929688,168.100006,59.459999,281.410004,158.990005,52.740002,87.919998,132.660004,159.789993,79.010002,251.690002,122.680000,424.649994,72.370003,35.740002,38.169998,68.070000,95.459999,917.340027,105.589996,235.690002,68.750000,23.959999,66.529999,76.870003,154.580002,60.900002,56.110001,267.640015,197.350006,26.809999,78.220001,152.699997,451.730011,101.180000,212.880005,112.949997,171.449997,35.320000,98.169998,94.139999,332.660004,111.269997,64.099998,373.839996,81.889999,141.130005,143.539993,47.720001,39.090000,239.550003,34.250000,327.290009,1512.709961,44.349998,224.820007,173.110001,85.180000,50.080002,41.380001,340.750000,300.880005,606.150024,140.979996,356.029999,76.559998,245.539993,244.899994,85.120003,24.900000,17.040001,426.070007,132.899994,256.750000,24.930000,26.700001,23.680000,65.599998,188.830002,430.470001,13.050000,66.739998,68.779999,162.639999,102.260002,438.040009,251.000000,259.920013,23.090000,242.490005,152.490005,214.839996,108.889999,310.709991,25.600000,18.510000,173.100006,26.280001,127.470001,28.299999,46.040001,66.510002,92.959999,15.850000,191.630005,279.059998,300.470001,89.419998,499.000000,247.990005,111.510002,32.279999,54.770000,48.419998,158.880005,573.770020,10.480000,261.660004,70.220001,64.110001,765.080017,81.930000,717.340027,18.665001,128.910004,192.309998,915.869995,156.889999,552.590027,519.710022,1289.819946,182.149994,228.550003,85.949997,1170.900024,74.199997,912.429993,298.679993,118.500000,131.199997,135.389999,187.240005,8036.479980,139.240005,72.980003,48.349998,289.010010,105.680000,92.360001,47.720001,206.800003,15.660000,134.399994,83.040001,153.179993,214.850006,184.949997,160.860001,110.500000,305.980011,309.179993,317.220001,20.670000,92.199997,134.589996,64.000000,603.250000,54.990002,599.940002,26.209999,317.420013,270.850006,153.199997,167.199997,100.370003,82.800003,108.519997,60.119999,20.490000,345.239990,94.800003,73.040001,276.339996,185.759995,481.670013,668.450012,4.130000,141.000000,337.929993,113.379997,42.660000,76.339996,82.820000,27.549999,575.070007,221.690002,45.570000,144.320007,198.759995,89.290001,957.979980,113.830002,104.860001,101.070000,277.239990,459.459991,5.200000,18.760000,255.399994,85.209999,93.150002,7.550000,36.919998,556.039978,234.740005,962.919983,94.970001,347.829987,752.520020,167.669998,91.559998,106.820000,201.509995,70.320000,54.520000,232.210007,179.380005,63.689999,101.959999,75.410004,132.029999,80.309998,53.389999,284.619995,143.470001,49.930000,146.949997
2025-10-02,282.133238,16.335907,15.479877,114.565355,180.479669,78.933104,2.161476,58.709394,181.906386,18.804127,257.130005,236.559998,10.040000,89.080002,11.410000,241.669998,113.459999,14.290000,110.599998,79.639999,218.360001,308.670013,87.610001,177.740005,186.130005,222.410004,73.540001,23.879999,683.640015,87.360001,5.200000,168.850006,338.179993,76.620003,191.600006,91.470001,20.010000,48.400002,1160.540039,74.400002,495.920013,93.449997,96.220001,120681.257812,166.580002,58.900002,281.369995,159.419998,52.980000,88.400002,134.770004,160.509995,78.309998,250.910004,122.250000,432.589996,71.830002,36.820000,38.290001,69.120003,93.379997,916.770020,104.419998,238.880005,68.309998,23.150000,67.000000,77.449997,153.369995,61.090000,57.080002,270.089996,204.229996,26.680000,80.989998,151.570007,461.820007,103.800003,210.330002,112.139999,173.750000,34.320000,97.639999,94.290001,340.239990,110.400002,63.480000,376.760010,83.529999,141.470001,143.190002,48.169998,38.869999,242.320007,35.689999,327.179993,1784.680054,44.220001,232.130005,172.160004,86.290001,49.779999,41.750000,341.049988,299.450012,606.229980,139.440002,354.790009,76.320000,246.429993,245.690002,86.419998,24.379999,17.040001,426.690002,132.940002,258.910004,24.480000,26.480000,23.370001,66.029999,189.020004,423.420013,13.290000,68.769997,70.949997,160.979996,103.300003,443.010010,257.230011,260.730011,23.610001,244.020004,153.990005,215.690002,108.660004,307.549988,25.740000,18.450001,175.160004,26.070000,124.629997,28.219999,46.070000,66.360001,95.029999,15.730000,192.889999,279.440002,296.100006,89.209999,499.359985,247.330002,111.690002,32.310001,55.049999,49.330002,156.669998,577.330017,10.380000,266.399994,71.000000,66.129997,758.700012,81.330002,727.049988,21.610001,129.339996,192.240005,930.510010,155.300003,560.770020,515.739990,1300.540039,183.750000,232.250000,86.430000,1162.530029,74.570000,910.099976,298.299988,120.070000,133.240005,139.020004,188.889999,8071.609863,140.600006,72.470001,48.740002,288.779999,104.970001,92.239998,44.230000,209.300003,15.630000,135.240005,84.260002,152.050003,215.639999,187.050003,157.910004,112.360001,312.209991,312.049988,307.519989,21.010000,96.389999,134.940002,64.980003,605.729980,54.500000,600.000000,26.200001,322.380005,276.640015,156.169998,166.630005,100.379997,82.820000,107.800003,57.980000,20.870001,349.130005,93.889999,74.599998,281.690002,185.009995,476.630005,669.219971,4.520000,144.389999,351.660004,115.120003,41.880001,77.370003,83.269997,27.010000,582.169983,221.110001,45.360001,142.490005,198.000000,89.550003,967.739990,115.559998,106.139999,101.709999,280.040009,436.000000,5.460000,18.950001,256.940002,86.349998,94.830002,7.510000,36.400002,557.820007,234.520004,978.219971,94.830002,345.950012,757.989990,164.699997,91.080002,106.820000,202.649994,69.589996,54.669998,232.100006,175.500000,64.059998,101.699997,76.180000,133.339996,79.599998,53.349998,286.160004,143.190002,49.630001,146.490005
2025-10-03,281.368496,16.291627,15.437917,114.254818,179.990466,78.719151,2.155617,58.550258,181.413316,18.753157,258.019989,233.910004,10.145000,90.790001,11.660000,241.990005,114.059998,14.580000,112.320000,81.019997,220.000000,310.480011,88.220001,177.289993,183.750000,219.509995,73.349998,24.540001,682.760010,87.980003,5.450000,170.190002,338.369995,76.860001,193.610001,91.489998,20.290001,48.500000,1160.689941,74.309998,498.750000,94.949997,97.320000,122266.531250,168.449997,59.650002,283.959991,159.270004,53.820000,87.900002,135.399994,163.289993,78.000000,233.669998,123.190002,432.799988,72.339996,38.700001,38.860001,70.459999,94.160004,915.380005,104.199997,240.360001,67.919998,23.299999,67.660004,77.489998,153.550003,61.529999,57.259998,271.220001,203.429993,26.670000,79.720001,151.820007,462.880005,103.050003,214.990005,112.470001,176.350006,34.560001,98.809998,95.080002,350.500000,110.830002,63.299999,373.459991,83.849998,142.820007,147.470001,47.880001,39.669998,244.610001,34.910000,324.980011,1850.650024,44.410000,230.130005,169.679993,85.790001,50.410000,41.419998,343.619995,297.000000,594.989990,137.580002,357.640015,76.919998,246.449997,245.350006,87.959999,24.309999,17.209999,429.540009,133.460007,258.429993,24.430000,26.639999,24.700001,67.029999,195.130005,413.000000,13.280000,69.809998,70.360001,162.619995,104.800003,452.350006,257.200012,260.000000,24.040001,245.830002,154.600006,202.080002,108.790001,310.029999,25.840000,18.629999,173.350006,26.059999,127.650002,28.459999,46.419998,66.300003,96.190002,15.810000,195.580002,276.940002,297.390015,89.220001,504.489990,246.350006,111.550003,32.520000,50.970001,49.470001,156.320007,580.450012,10.640000,267.570007,70.379997,66.540001,738.059998,82.370003,710.559998,29.410000,129.169998,193.139999,918.830017,157.589996,560.119995,517.349976,1314.040039,187.830002,233.449997,86.860001,1153.319946,71.930000,912.359985,300.149994,118.720001,132.399994,138.039993,187.619995,8178.000000,141.330002,72.889999,49.270000,286.140015,104.790001,91.540001,44.849998,207.190002,15.900000,134.250000,84.239998,152.270004,214.539993,173.070007,153.270004,112.230003,309.119995,309.609985,304.059998,21.840000,92.279999,133.009995,64.830002,603.179993,54.919998,600.000000,26.389999,321.809998,278.589996,152.639999,166.580002,100.419998,82.790001,108.300003,59.209999,21.430000,347.420013,94.540001,74.000000,279.959991,185.229996,479.809998,669.210022,4.250000,145.089996,349.299988,116.379997,41.980000,77.099998,82.150002,27.059999,587.619995,220.839996,45.520000,141.330002,197.350006,89.379997,945.890015,114.919998,104.699997,103.279999,284.559998,429.829987,5.540000,17.969999,257.679993,86.849998,95.330002,7.750000,36.380001,556.450012,236.800003,980.799988,95.150002,349.839996,755.669983,160.399994,91.419998,106.790001,201.990005,69.760002,54.790001,236.479996,175.039993,64.480003,102.070000,76.860001,123.660004,80.260002,53.720001,284.720001,144.820007,49.700001,146.419998
2025-10-06,281.282437,16.286644,15.433196,114.219872,179.935415,78.695074,2.154958,58.532350,181.357829,18.747421,256.690002,230.190002,10.120000,91.349998,11.850000,242.500000,115.660004,14.270000,113.070000,83.019997,221.690002,309.149994,92.029999,177.360001,182.990005,220.899994,72.419998,25.120001,587.000000,87.599998,5.390000,173.320007,335.489990,75.599998,191.990005,91.510002,20.750000,49.080002,1179.270020,74.139999,500.019989,94.440002,96.699997,124752.531250,166.889999,59.810001,286.390015,157.350006,54.000000,88.889999,134.360001,165.210007,77.449997,235.339996,118.669998,438.880005,73.220001,37.639999,39.459999,70.110001,94.910004,910.940002,102.959999,245.779999,68.910004,23.840000,67.800003,76.839996,154.020004,61.500000,58.259998,281.739990,200.279999,26.740000,80.820000,157.360001,457.309998,102.040001,211.710007,112.750000,176.960007,34.910000,99.330002,95.300003,349.940002,110.449997,62.220001,380.019989,84.779999,141.580002,149.100006,47.779999,40.320000,247.029999,38.270000,329.000000,1850.180054,43.790001,229.570007,171.460007,86.379997,50.029999,41.400002,346.500000,298.220001,603.219971,134.000000,364.380005,78.389999,251.509995,250.429993,87.180000,24.360001,16.709999,433.549988,132.539993,260.179993,24.790001,26.610001,24.840000,66.040001,195.179993,413.049988,13.720000,71.290001,69.610001,159.059998,106.370003,449.690002,256.429993,258.709991,24.129999,246.809998,155.009995,202.199997,109.580002,309.179993,25.299999,18.540001,173.339996,25.270000,126.870003,27.930000,46.810001,64.800003,100.250000,15.690000,198.039993,275.049988,303.010010,93.260002,514.239990,241.669998,111.190002,32.580002,52.270000,48.680000,155.940002,578.809998,10.530000,271.940002,68.790001,66.589996,741.289978,82.349998,715.659973,35.790001,126.169998,193.520004,968.099976,158.089996,564.809998,528.570007,1345.270020,190.960007,234.119995,88.510002,1163.310059,71.169998,912.840027,299.649994,120.419998,132.210007,135.589996,185.539993,8068.750000,142.820007,72.730003,50.349998,291.589996,103.300003,90.830002,45.400002,212.580002,16.040001,134.330002,84.180000,150.410004,212.929993,179.529999,153.539993,112.050003,311.690002,307.290009,311.700012,23.580000,84.580002,132.919998,64.139999,607.710022,52.910000,585.479980,25.860001,321.100006,281.380005,152.259995,168.800003,100.419998,82.769997,107.040001,58.450001,22.150000,340.559998,95.489998,73.779999,288.359985,179.169998,478.350006,671.609985,4.450000,141.630005,352.779999,116.900002,40.310001,76.910004,80.830002,25.870001,593.619995,222.960007,45.330002,143.110001,198.149994,88.669998,975.400024,115.489998,107.040001,105.690002,282.730011,453.250000,5.250000,17.959999,256.980011,87.339996,97.070000,8.090000,36.029999,566.909973,237.410004,987.340027,95.080002,349.279999,762.179993,163.419998,90.559998,106.910004,200.410004,69.250000,54.980000,238.360001,174.139999,63.580002,102.699997,76.980003,124.589996,81.000000,53.700001,287.600006,144.119995,56.119999,145.360001
2025-10-07,280.512361,16.242056,15.390944,113.907168,179.442800,78.479628,2.149058,58.372104,180.861320,18.696096,256.480011,232.830002,10.000000,94.099998,12.110000,233.750000,118.160004,14.400000,112.930000,84.050003,216.289993,309.809998,90.529999,177.029999,181.419998,221.779999,71.400002,25.080000,631.849976,85.260002,5.360000,174.910004,336.410004,75.230003,192.529999,91.510002,20.110001,48.580002,1166.229980,74.279999,502.299988,95.550003,95.900002,121451.382812,164.910004,59.180000,289.239990,155.250000,53.130001,90.010002,133.789993,165.690002,79.110001,237.789993,120.489998,434.170013,73.760002,38.419998,39.430000,69.019997,95.230003,914.799988,103.370003,239.740005,68.989998,24.530001,67.940002,77.120003,154.910004,60.869999,56.630001,276.779999,202.880005,26.600000,78.879997,154.520004,461.510010,97.980003,208.770004,112.529999,175.139999,34.990002,100.040001,94.470001,357.489990,110.449997,62.470001,370.940002,83.349998,142.869995,148.910004,47.450001,40.689999,242.330002,36.299999,330.760010,1879.550049,43.680000,227.889999,170.869995,84.919998,49.610001,40.930000,343.429993,301.739990,606.119995,135.639999,366.260010,78.820000,247.130005,245.759995,88.099998,24.280001,16.760000,437.570007,133.809998,258.640015,24.910000,26.549999,25.350000,64.879997,194.389999,412.929993,13.040000,69.129997,69.349998,161.979996,105.889999,440.940002,245.270004,255.750000,24.100000,244.160004,155.309998,202.619995,108.309998,307.690002,25.330000,18.410000,170.070007,25.420000,124.720001,28.010000,44.860001,66.879997,103.690002,16.219999,197.000000,279.619995,301.429993,90.120003,511.070007,239.889999,111.400002,32.389999,51.799999,49.130001,155.330002,579.840027,10.630000,267.450012,68.529999,64.959999,750.130005,82.750000,713.080017,32.009998,122.580002,191.539993,945.489990,155.970001,569.109985,523.979980,1309.119995,185.690002,230.850006,86.949997,1191.060059,68.910004,904.239990,295.859985,117.989998,132.449997,135.800003,185.039993,7840.109863,141.360001,72.449997,48.169998,284.239990,101.849998,90.400002,45.330002,211.039993,16.200001,133.479996,83.570000,152.539993,210.550003,182.169998,154.550003,110.660004,313.450012,301.089996,313.269989,23.600000,84.360001,132.369995,65.470001,604.510010,57.919998,583.239990,25.730000,324.769989,283.279999,150.339996,169.270004,100.440002,82.809998,108.139999,62.110001,22.290001,336.839996,96.419998,72.160004,281.910004,178.919998,481.220001,669.119995,4.260000,142.729996,348.570007,116.889999,41.180000,74.339996,79.949997,26.160000,588.570007,222.070007,45.200001,142.660004,197.960007,89.180000,959.609985,115.260002,105.309998,105.779999,284.970001,433.089996,5.480000,19.469999,260.500000,85.029999,96.650002,8.700000,36.130001,556.770020,231.860001,988.590027,95.239998,352.420013,755.190002,163.169998,90.230003,106.910004,199.619995,68.849998,54.680000,233.169998,173.000000,63.970001,103.239998,77.769997,122.910004,81.849998,53.770000,285.679993,144.229996,57.389999,142.770004
2025-10-08,279.590275,16.188666,15.340351,113.532739,178.852944,78.221653,2.141994,58.180227,180.266802,18.634639,258.059998,231.240005,9.750000,93.099998,12.300000,237.929993,118.190002,14.730000,111.900002,84.000000,219.259995,306.940002,91.690002,178.270004,183.190002,225.220001,71.070000,24.600000,629.700012,84.459999,5.440000,175.750000,345.500000,76.949997,193.929993,91.529999,20.379999,47.849998,1165.000000,74.279999,499.839996,95.959999,96.790001,123354.867188,162.460007,59.799999,287.100006,156.919998,52.009998,88.919998,134.039993,165.550003,78.000000,254.880005,119.589996,436.350006,73.190002,38.450001,39.560001,70.260002,93.750000,914.799988,103.059998,240.429993,70.330002,24.230000,68.400002,76.930000,153.740005,60.570000,57.119999,281.049988,208.009995,26.639999,78.370003,164.119995,460.750000,101.580002,204.960007,111.889999,174.199997,34.970001,100.830002,94.750000,362.339996,110.500000,62.330002,376.700012,84.190002,142.410004,149.070007,47.549999,42.849998,239.929993,38.970001,342.579987,1695.010010,43.540001,231.369995,170.410004,86.459999,49.840000,41.049999,346.440002,302.559998,625.450012,136.029999,372.299988,80.089996,245.460007,244.619995,88.529999,23.920000,16.340000,426.269989,133.009995,260.059998,26.080000,27.030001,25.930000,64.730003,195.559998,419.670013,13.390000,70.059998,72.050003,159.369995,105.389999,448.089996,243.990005,252.750000,24.000000,246.720001,157.360001,206.529999,108.430000,304.029999,25.580000,18.090000,172.179993,25.080000,124.730003,28.139999,44.360001,68.120003,105.669998,16.080000,198.229996,277.510010,306.760010,94.419998,514.020020,237.589996,111.260002,32.450001,53.270000,48.689999,149.949997,576.440002,10.650000,267.980011,68.809998,66.919998,755.750000,82.029999,717.840027,30.209999,122.250000,188.710007,980.900024,155.649994,566.940002,524.849976,1328.530029,196.539993,234.320007,88.400002,1214.250000,69.089996,914.320007,296.619995,121.820000,130.750000,137.839996,189.110001,7756.830078,144.779999,72.379997,50.880001,288.630005,100.760002,91.250000,45.040001,217.789993,16.719999,133.770004,81.769997,150.690002,213.279999,183.559998,155.270004,111.800003,315.489990,301.720001,315.399994,24.340000,87.910004,131.300003,65.300003,611.440002,59.970001,563.859985,25.290001,329.029999,282.350006,152.020004,168.570007,100.449997,82.800003,105.919998,62.740002,23.340000,339.250000,96.180000,72.430000,291.540009,178.229996,482.429993,673.109985,4.320000,146.550003,366.989990,116.690002,43.299999,76.099998,78.760002,26.250000,588.010010,224.429993,44.139999,140.710007,194.149994,89.250000,952.919983,116.809998,108.879997,105.820000,282.760010,438.690002,5.400000,20.420000,258.070007,86.220001,98.089996,9.520000,36.250000,565.809998,232.649994,994.369995,95.430000,351.359985,768.020020,162.440002,89.760002,106.910004,206.550003,68.000000,54.990002,238.250000,169.139999,63.500000,102.900002,77.839996,121.570000,81.849998,53.509998,290.690002,144.509995,56.799999,143.490005
2025-10-09,278.027722,16.098192,15.254618,112.898235,177.853385,77.784494,2.130023,57.855073,179.259340,18.530495,254.039993,230.690002,8.370000,92.230003,12.050000,237.880005,116.910004,14.570000,111.169998,83.169998,218.449997,302.250000,96.500000,175.449997,183.309998,227.740005,69.730003,23.660000,600.320007,82.709999,5.120000,174.929993,345.019989,75.230003,189.080002,91.529999,19.990000,47.889999,1167.430054,74.230003,496.739990,95.500000,97.279999,121705.585938,160.649994,58.099998,284.329987,151.789993,51.849998,87.620003,128.899994,161.679993,77.809998,259.779999,120.000000,426.690002,73.279999,37.830002,39.110001,69.750000,91.949997,942.890015,101.940002,245.330002,69.959999,23.620001,68.610001,76.739998,151.639999,60.259998,59.570000,275.440002,206.669998,26.490000,77.839996,164.070007,456.220001,98.849998,204.479996,110.989998,175.210007,34.349998,100.800003,93.970001,358.130005,111.919998,61.970001,377.190002,83.430000,143.080002,144.210007,46.709999,43.310001,237.000000,38.660000,342.350006,1708.770020,43.790001,234.300003,169.380005,86.190002,49.299999,40.509998,342.769989,299.350006,634.270020,136.449997,365.429993,78.620003,242.210007,241.529999,87.180000,23.400000,16.340000,418.869995,130.130005,260.100006,26.250000,26.969999,25.639999,64.570000,192.580002,418.890015,12.590000,68.739998,72.620003,159.300003,104.949997,443.760010,244.500000,248.289993,23.900000,245.130005,155.440002,204.710007,107.760002,305.529999,25.850000,18.180000,171.100006,25.040001,124.059998,27.520000,44.110001,67.559998,98.550003,16.840000,194.050003,277.779999,298.200012,96.290001,507.760010,234.669998,111.040001,31.680000,51.860001,47.669998,152.750000,564.549988,10.710000,266.140015,67.400002,65.860001,757.960022,81.980003,733.510010,31.450001,119.570000,187.559998,979.250000,156.270004,558.299988,522.400024,1307.569946,192.330002,233.759995,85.209999,1231.069946,68.059998,917.950012,294.890015,120.309998,129.990005,138.169998,192.570007,7619.240234,141.279999,71.250000,49.970001,296.959991,99.720001,89.720001,44.520000,215.169998,16.240000,131.250000,82.690002,150.580002,211.389999,185.470001,156.850006,109.849998,320.380005,296.239990,309.529999,23.940001,91.180000,131.089996,67.040001,610.700012,63.650002,569.900024,25.309999,322.929993,277.880005,149.979996,162.179993,100.459999,82.790001,105.120003,65.559998,22.650000,331.790009,96.129997,71.800003,290.190002,178.839996,487.609985,671.159973,4.170000,147.779999,355.529999,117.230003,42.889999,73.639999,78.040001,26.100000,576.440002,222.460007,44.250000,138.559998,186.470001,89.180000,909.789978,113.480003,108.449997,106.010002,274.410004,435.540009,5.450000,19.879999,256.690002,84.639999,101.339996,10.880000,35.790001,561.150024,231.539993,980.429993,94.879997,347.040009,767.640015,162.009995,89.269997,106.910004,210.000000,67.690002,54.509998,238.220001,167.270004,63.099998,101.769997,77.519997,123.550003,81.260002,53.320000,290.200012,144.190002,61.270000,143.389999
2025-10-10,301.088277,15.898587,15.441326,112.556365,188.180173,76.890067,2.078775,56.981660,180.793662,19.658673,245.270004,230.500000,8.350000,92.470001,11.820000,225.320007,117.040001,14.070000,110.949997,81.300003,217.369995,301.739990,89.860001,173.289993,179.279999,216.369995,67.750000,21.940001,569.890015,80.699997,5.030000,176.479996,324.630005,70.430000,186.559998,91.570000,19.240000,45.040001,1132.359985,74.519997,489.130005,95.940002,95.410004,113214.367188,153.770004,56.660000,283.010010,145.039993,49.250000,87.699997,125.309998,158.970001,77.959999,243.720001,120.139999,413.079987,74.089996,35.759998,39.240002,68.370003,87.639999,930.010010,101.669998,241.679993,67.940002,22.750000,65.800003,77.900002,148.899994,60.970001,57.480000,266.019989,195.070007,26.320000,73.699997,158.740005,446.350006,95.070000,202.460007,109.190002,168.490005,32.500000,102.389999,92.239998,353.239990,108.070000,61.669998,369.079987,80.720001,141.979996,139.820007,45.779999,40.880001,224.630005,35.520000,331.750000,1665.209961,41.470001,225.910004,163.110001,83.040001,47.799999,38.330002,332.940002,291.489990,604.559998,136.000000,369.119995,79.440002,237.490005,236.570007,82.849998,21.969999,15.600000,415.140015,129.020004,259.529999,24.400000,25.549999,25.340000,63.169998,192.130005,408.459991,12.700000,66.199997,69.010002,157.500000,101.839996,429.589996,239.449997,244.929993,22.469999,237.789993,151.130005,193.990005,105.550003,300.890015,25.820000,17.200001,159.490005,25.150000,117.820000,27.100000,43.169998,67.779999,94.629997,16.650000,188.029999,277.880005,292.339996,90.860001,505.049988,232.220001,111.349998,31.290001,49.610001,44.910000,152.960007,557.479980,10.600000,260.200012,65.089996,60.410000,763.549988,79.769997,705.299988,23.055000,117.540001,180.889999,904.440002,151.860001,546.950012,510.959991,1273.670044,181.600006,228.160004,85.139999,1220.079956,65.220001,888.710022,288.369995,113.940002,124.720001,133.649994,183.160004,7450.899902,134.309998,69.089996,45.740002,292.959991,102.150002,89.459999,42.150002,208.550003,15.860000,124.269997,79.419998,149.690002,206.750000,175.440002,160.470001,107.209999,314.519989,289.910004,301.059998,25.790001,85.720001,126.760002,87.000000,589.500000,61.555000,564.630005,24.160000,309.420013,272.000000,147.710007,157.699997,100.510002,82.930000,104.750000,63.755001,21.350000,327.329987,98.290001,70.519997,271.989990,175.300003,486.100006,653.020020,3.910000,141.229996,336.630005,111.000000,40.450001,69.160004,78.449997,25.870001,567.440002,214.570007,42.310001,140.380005,187.050003,90.620003,889.250000,108.220001,97.070000,101.430000,270.119995,413.489990,5.740000,17.670000,251.970001,81.529999,96.669998,12.210000,35.709999,549.280029,225.449997,950.030029,93.989998,343.649994,736.330017,158.020004,88.129997,106.910004,196.860001,67.730003,52.540001,233.179993,165.940002,62.610001,101.839996,77.650002,119.889999,80.930000,52.160000,278.390015,142.110001,48.570000,141.110001
2025-10-13,290.406773,15.395058,14.975193,109.934709,183.691031,76.555424,2.092328,56.471871,181.241818,20.643373,247.660004,230.300003,7.930000,92.250000,11.990000,234.669998,116.800003,14.440000,110.260002,81.820000,217.419998,298.000000,96.339996,173.690002,182.240005,220.070007,67.680000,22.820000,590.109985,81.699997,5.340000,175.539993,356.700012,77.449997,186.660004,91.580002,19.129999,45.490002,1155.119995,74.639999,491.929993,94.480003,94.949997,115271.078125,158.160004,56.869999,282.529999,147.509995,50.250000,86.519997,124.389999,157.880005,76.980003,261.059998,120.370003,409.000000,73.550003,36.360001,39.189999,69.300003,88.779999,935.559998,101.809998,248.750000,67.459999,23.170000,66.339996,78.440002,151.940002,61.340000,58.720001,273.519989,202.429993,26.410000,75.949997,164.199997,439.109985,98.309998,205.139999,110.269997,171.559998,33.209999,100.860001,92.980003,351.420013,109.720001,62.009998,375.369995,83.620003,145.020004,142.110001,42.330002,42.779999,229.649994,37.439999,340.640015,1649.989990,42.200001,226.149994,169.100006,84.199997,48.580002,39.529999,334.390015,297.529999,648.250000,136.460007,378.089996,81.360001,244.639999,244.149994,84.220001,22.500000,15.900000,410.679993,128.740005,263.359985,24.799999,27.350000,25.170000,63.000000,189.199997,418.720001,13.550000,65.809998,70.519997,158.750000,102.169998,435.730011,245.360001,244.460007,23.290001,244.410004,153.910004,199.899994,106.379997,307.970001,26.420000,17.559999,163.350006,25.110001,120.440002,27.340000,43.689999,67.129997,96.279999,16.219999,185.940002,276.640015,293.420013,92.089996,503.829987,234.479996,111.730003,31.900000,46.470001,46.270000,153.860001,559.239990,10.950000,263.260010,65.989998,64.389999,769.489990,80.820000,715.700012,18.150000,119.250000,183.399994,981.669983,155.130005,548.349976,514.049988,1284.739990,192.770004,230.520004,89.400002,1219.030029,67.379997,923.700012,289.570007,118.860001,127.029999,136.970001,188.320007,7584.899902,136.179993,69.570000,50.110001,308.010010,102.879997,89.180000,42.419998,213.279999,15.970000,127.550003,79.669998,147.490005,207.750000,177.210007,159.470001,108.830002,314.559998,291.730011,316.000000,27.389999,94.959999,129.789993,79.169998,602.010010,62.020000,557.729980,24.559999,317.230011,273.010010,154.770004,158.850006,100.500000,83.089996,101.489998,64.269997,22.930000,331.989990,98.080002,70.879997,284.869995,176.500000,479.339996,663.039978,3.890000,145.539993,355.269989,114.190002,41.529999,73.370003,78.269997,25.590000,567.820007,219.380005,42.950001,141.389999,188.600006,90.570000,892.229980,114.059998,103.230003,105.360001,270.380005,435.899994,5.420000,18.730000,256.679993,81.739998,99.250000,16.709999,36.150002,542.929993,225.850006,974.539978,94.279999,343.299988,755.489990,161.410004,88.690002,106.910004,209.550003,67.449997,54.000000,236.600006,166.850006,62.680000,102.120003,77.449997,112.519997,80.160004,52.660000,285.170013,141.949997,51.840000,142.259995
2025-10-14,288.555271,15.427013,14.410233,117.105055,180.916792,72.296594,2.117708,56.238476,173.203285,21.615349,247.770004,229.130005,7.700000,92.230003,12.300000,235.399994,118.379997,14.390000,111.510002,82.910004,221.809998,303.730011,96.239998,175.600006,185.779999,216.389999,68.820000,22.910000,590.030029,82.730003,5.540000,177.649994,344.130005,77.209999,188.360001,91.580002,18.580000,44.830002,1194.260010,74.750000,495.970001,94.769997,96.239998,113118.664062,163.979996,57.500000,284.630005,150.330002,51.799999,86.930000,127.980003,158.750000,78.400002,247.750000,119.330002,416.649994,74.349998,36.439999,39.490002,71.209999,88.169998,946.510010,102.129997,239.770004,68.660004,23.209999,67.269997,79.660004,152.389999,61.520000,61.270000,270.540009,216.250000,26.590000,77.580002,160.880005,447.950012,99.279999,206.149994,111.169998,171.880005,32.709999,101.889999,93.400002,350.480011,109.120003,62.299999,374.350006,82.690002,147.839996,141.830002,42.750000,41.970001,234.669998,38.110001,343.170013,1649.510010,43.410000,224.429993,170.559998,83.080002,49.029999,39.400002,335.500000,300.079987,644.409973,139.869995,380.790009,81.980003,246.190002,245.449997,86.470001,22.440001,16.340000,418.399994,131.179993,268.399994,25.000000,28.540001,27.830000,63.389999,189.429993,427.429993,13.600000,63.910000,69.360001,158.270004,103.360001,436.390015,246.729996,248.089996,23.450001,247.899994,158.020004,200.589996,107.849998,302.079987,26.690001,18.010000,164.839996,25.440001,125.980003,27.309999,44.000000,69.129997,95.300003,16.150000,187.270004,279.779999,299.989990,91.720001,505.179993,240.750000,112.099998,33.419998,48.040001,46.660000,152.830002,567.919983,11.100000,267.970001,68.129997,64.599998,781.900024,82.889999,708.650024,20.170000,125.709999,183.119995,968.250000,155.339996,553.580017,513.570007,1303.040039,187.059998,233.369995,90.540001,1215.349976,67.639999,911.260010,290.309998,120.550003,129.020004,138.509995,180.029999,7737.009766,135.429993,69.580002,49.540001,299.000000,103.050003,90.820000,42.279999,207.559998,16.400000,127.099998,81.290001,149.160004,210.759995,179.740005,159.070007,110.410004,318.299988,295.459991,317.200012,27.190001,91.910004,130.839996,76.940002,598.000000,58.959999,572.599976,25.160000,317.920013,270.070007,155.259995,159.399994,100.510002,83.029999,102.419998,63.580002,21.750000,337.019989,99.680000,71.489998,279.029999,175.830002,486.690002,662.229980,3.690000,146.979996,361.440002,115.400002,42.230000,72.769997,80.139999,26.129999,571.929993,220.649994,43.930000,144.100006,189.970001,90.860001,907.520020,116.260002,101.129997,106.129997,275.640015,429.239990,5.500000,18.350000,257.720001,83.760002,103.150002,17.469999,36.360001,541.010010,227.080002,1000.500000,94.699997,348.380005,745.840027,162.190002,89.599998,106.910004,205.509995,67.959999,53.520000,237.179993,169.339996,62.360001,107.209999,78.459999,116.110001,80.849998,53.240002,281.510010,142.339996,51.500000,143.460007
2025-10-15,295.572350,15.425729,15.005981,113.471799,180.841308,73.525808,2.053266,56.945773,173.495723,22.397039,249.339996,226.220001,6.750000,89.570000,12.130000,238.149994,118.529999,14.750000,109.809998,81.260002,214.850006,296.160004,98.160004,177.279999,185.779999,215.570007,69.209999,23.240000,602.299988,83.639999,6.510000,179.190002,351.329987,78.410004,186.770004,91.589996,18.350000,44.470001,1202.589966,74.699997,496.390015,93.970001,97.709999,110783.164062,163.910004,57.209999,278.309998,148.830002,51.700001,86.379997,128.009995,156.350006,77.629997,269.959991,118.360001,423.390015,75.309998,35.790001,39.860001,68.760002,87.739998,954.989990,101.699997,236.580002,69.519997,23.200001,66.750000,80.669998,152.110001,61.689999,61.700001,272.609985,220.539993,26.580000,78.529999,160.020004,448.459991,96.440002,206.100006,111.709999,175.199997,32.610001,102.290001,93.849998,349.489990,108.629997,62.090000,381.720001,85.169998,149.190002,141.940002,42.240002,41.709999,235.800003,38.910000,330.750000,1636.650024,42.919998,244.399994,174.160004,83.580002,48.490002,39.799999,332.040009,300.119995,615.950012,138.100006,387.390015,83.370003,251.710007,251.029999,86.099998,22.389999,16.209999,420.250000,128.660004,265.109985,25.040001,28.610001,26.959999,63.250000,191.600006,434.049988,14.260000,63.169998,69.769997,157.460007,105.760002,435.609985,236.789993,247.690002,23.600000,250.330002,160.630005,206.880005,110.820000,305.690002,26.930000,17.730000,164.839996,25.190001,124.459999,27.610001,44.419998,69.099998,90.580002,16.260000,186.570007,282.750000,289.720001,98.239998,499.410004,241.529999,112.099998,33.560001,49.029999,46.759998,155.229996,562.809998,10.810000,266.190002,67.510002,65.209999,791.929993,81.620003,717.549988,14.825000,127.449997,183.830002,1007.929993,162.649994,549.400024,513.429993,1304.000000,191.940002,231.850006,93.580002,1203.290039,68.459999,903.049988,289.700012,121.470001,129.880005,136.759995,179.830002,7645.220215,135.039993,68.919998,50.360001,303.619995,102.120003,91.470001,41.880001,206.699997,16.680000,127.580002,80.900002,147.419998,209.649994,179.619995,157.729996,110.309998,312.450012,290.440002,329.760010,27.500000,93.239998,129.570007,77.680000,602.219971,62.830002,576.419983,24.740000,318.440002,269.700012,156.990005,157.000000,100.529999,82.989998,103.519997,67.669998,22.639999,332.589996,99.720001,71.559998,287.640015,178.360001,482.880005,665.169983,3.460000,146.050003,365.390015,116.709999,41.759998,74.220001,80.089996,26.070000,565.020020,222.690002,43.259998,145.160004,191.210007,90.660004,926.750000,116.690002,103.199997,105.709999,269.450012,435.149994,5.430000,18.059999,261.500000,82.510002,104.050003,13.760000,36.220001,538.489990,225.720001,1020.000000,94.250000,345.690002,752.770020,160.979996,90.900002,106.910004,210.850006,68.889999,54.330002,234.759995,172.339996,63.779999,109.029999,76.389999,118.070000,81.800003,53.240002,284.299988,142.559998,54.599998,142.119995
2025-10-16,318.641784,15.738439,15.632812,114.851878,183.439082,76.826119,2.010436,57.320312,170.763829,21.625390,247.449997,226.869995,6.060000,86.230003,11.650000,241.610001,117.529999,14.820000,106.730003,77.019997,207.699997,280.170013,95.290001,177.500000,184.490005,214.470001,69.360001,23.000000,605.679993,83.489998,6.480000,176.369995,354.149994,78.540001,185.270004,91.599998,17.850000,44.639999,1171.359985,74.980003,488.809998,87.419998,97.779999,108186.039062,157.970001,56.750000,268.230011,151.100006,48.389999,87.250000,125.989998,151.389999,78.080002,279.859985,117.599998,422.670013,74.750000,35.639999,39.669998,71.559998,86.910004,925.619995,101.849998,246.000000,69.089996,22.580000,65.470001,81.370003,151.710007,60.619999,60.400002,266.670013,211.539993,26.730000,78.129997,151.169998,457.160004,99.059998,210.919998,109.879997,173.960007,32.029999,101.070000,94.339996,348.179993,107.250000,61.500000,375.589996,87.879997,152.000000,139.440002,41.959999,41.700001,236.910004,35.980000,295.350006,1620.140015,40.360001,237.789993,169.669998,83.139999,48.689999,39.990002,330.589996,299.839996,602.000000,133.610001,396.450012,85.279999,251.880005,251.460007,83.660004,21.820000,15.370000,419.600006,123.989998,257.470001,22.500000,27.200001,23.940001,62.029999,186.800003,428.820007,14.640000,61.430000,68.519997,153.360001,105.790001,434.619995,236.179993,246.940002,22.799999,245.059998,156.070007,209.740005,109.370003,298.540009,27.719999,16.780001,162.410004,25.129999,117.519997,27.209999,43.270000,68.879997,88.620003,14.110000,184.410004,283.709991,284.290009,94.070000,493.250000,243.100006,112.419998,33.290001,49.139999,45.860001,151.710007,549.880005,10.750000,259.040009,68.029999,65.349998,775.440002,77.839996,712.070007,12.120000,126.989998,181.149994,1026.829956,160.020004,533.340027,511.609985,1359.609985,202.529999,232.000000,98.269997,1183.589966,66.839996,894.489990,288.489990,119.400002,124.570000,132.660004,181.809998,7605.879883,138.100006,67.220001,52.970001,313.000000,101.169998,90.669998,41.040001,205.509995,16.500000,127.349998,78.389999,149.600006,205.339996,178.119995,155.979996,108.699997,316.290009,290.170013,338.320007,28.000000,88.779999,128.360001,75.730003,599.989990,59.990002,569.169983,23.350000,323.160004,270.000000,155.210007,157.050003,100.540001,83.099998,103.889999,68.000000,21.969999,344.170013,98.430000,71.440002,288.980011,176.740005,472.049988,660.640015,3.210000,142.649994,361.019989,112.949997,41.320000,74.470001,78.830002,26.200001,561.489990,224.190002,41.090000,142.550003,187.830002,91.339996,938.179993,116.510002,102.050003,103.150002,261.570007,428.750000,5.520000,17.139999,259.230011,81.650002,98.190002,12.560000,35.910000,537.289978,224.039993,1005.650024,93.330002,335.399994,750.349976,156.389999,90.580002,106.910004,210.399994,69.550003,54.509998,227.600006,172.080002,62.529999,106.470001,73.650002,115.919998,81.099998,51.759998,284.510010,142.320007,54.049999,143.259995
2025-10-17,328.807963,15.645749,15.221937,110.685731,180.473544,75.721189,2.013110,56.861527,169.171874,22.091233,252.289993,229.570007,6.290000,86.510002,11.790000,242.869995,117.529999,14.580000,107.709999,77.360001,209.110001,280.470001,92.739998,177.490005,185.470001,213.039993,69.709999,22.520000,599.309998,82.760002,5.930000,176.410004,349.329987,79.709999,189.100006,91.620003,17.540001,45.180000,1161.160034,74.879997,492.420013,87.910004,99.239998,106467.789062,156.309998,56.200001,268.209991,152.449997,49.310001,88.480003,127.389999,153.020004,79.120003,276.459991,119.720001,411.829987,74.779999,35.270000,39.639999,71.970001,86.480003,936.330017,102.400002,243.080002,70.129997,22.799999,66.080002,82.519997,153.080002,60.580002,59.639999,263.059998,206.360001,26.540001,79.570000,152.869995,458.500000,99.820000,209.059998,110.669998,172.729996,31.740000,101.190002,94.510002,348.769989,106.220001,62.209999,373.299988,88.519997,151.539993,139.089996,42.459999,41.180000,237.800003,34.020000,300.899994,1616.000000,40.889999,231.850006,166.669998,83.440002,48.660000,40.000000,331.149994,300.140015,600.000000,134.779999,388.989990,83.699997,253.789993,253.300003,85.419998,22.270000,15.500000,426.160004,124.459999,260.269989,22.959999,27.370001,22.969999,62.980000,187.740005,425.709991,13.360000,60.470001,66.230003,153.600006,104.580002,446.130005,235.729996,249.259995,22.790001,243.410004,155.389999,209.339996,108.830002,297.559998,28.030001,16.959999,162.190002,25.520000,117.599998,27.379999,42.900002,68.989998,83.120003,15.290000,184.509995,285.940002,283.869995,91.730003,495.149994,244.699997,112.199997,33.520000,48.540001,46.189999,155.190002,560.969971,10.540000,260.850006,67.870003,65.139999,786.000000,78.459999,716.919983,12.700000,127.360001,184.470001,1004.650024,158.669998,534.349976,513.580017,1349.280029,202.380005,233.339996,90.769997,1199.359985,67.370003,903.599976,289.779999,119.070000,124.820000,131.779999,183.220001,7639.060059,138.039993,68.089996,52.529999,291.309998,101.599998,91.290001,40.900002,207.889999,16.420000,128.479996,78.629997,151.399994,203.330002,178.149994,158.059998,108.790001,318.589996,290.209991,330.709991,25.320000,87.059998,129.270004,77.500000,603.929993,58.000000,578.049988,23.580000,327.760010,268.089996,156.309998,157.949997,100.570000,83.089996,105.300003,65.470001,20.990000,339.750000,97.800003,72.160004,288.170013,178.089996,473.190002,664.390015,3.090000,142.750000,355.579987,111.370003,41.400002,75.320000,79.910004,26.340000,562.260010,222.979996,42.599998,143.839996,189.279999,91.199997,938.979980,116.820000,103.989998,103.699997,262.010010,439.309998,5.380000,16.200001,261.350006,81.360001,99.139999,11.190000,36.090000,533.510010,226.039993,980.369995,94.059998,341.890015,752.159973,157.770004,91.169998,106.910004,201.350006,70.620003,54.380001,234.250000,175.089996,62.459999,107.730003,74.050003,117.809998,81.160004,52.180000,285.010010,143.270004,51.439999,144.059998
2025-10-20,341.964024,15.918408,17.784947,112.485385,181.723415,80.085087,1.968670,57.193571,165.171089,20.827757,262.239990,232.059998,6.340000,86.970001,11.830000,246.220001,117.820000,14.400000,108.769997,77.690002,209.149994,279.260010,96.139999,177.970001,187.389999,216.479996,69.809998,22.490000,565.940002,83.400002,6.170000,177.740005,349.239990,81.010002,191.000000,91.639999,18.270000,46.279999,1160.000000,74.980003,494.079987,87.519997,100.529999,110588.929688,160.440002,57.669998,268.200012,155.380005,50.290001,88.080002,127.459999,154.899994,78.750000,273.500000,119.589996,414.010010,75.089996,35.610001,40.220001,74.989998,87.059998,936.109985,103.089996,254.279999,70.650002,23.420000,66.699997,82.480003,154.479996,61.450001,61.750000,265.369995,215.520004,26.770000,80.949997,156.294998,462.440002,100.190002,208.389999,111.959999,172.919998,31.930000,101.720001,95.290001,354.070007,106.400002,62.349998,377.690002,90.430000,151.470001,141.190002,42.990002,42.189999,239.809998,36.720001,296.500000,1620.390015,41.799999,229.000000,176.910004,84.860001,49.279999,40.490002,337.190002,302.679993,594.070007,135.429993,403.149994,86.690002,257.019989,256.549988,87.019997,22.620001,15.840000,433.149994,123.849998,261.040009,22.870001,27.660000,23.209999,63.930000,186.210007,431.649994,13.670000,62.930000,66.940002,155.289993,105.830002,458.470001,239.479996,252.380005,22.840000,248.160004,162.570007,204.020004,110.599998,302.359985,27.750000,17.379999,164.750000,25.709999,120.110001,27.520000,43.029999,69.150002,86.650002,14.960000,190.490005,290.929993,290.559998,93.750000,505.899994,242.270004,112.540001,34.430000,49.730000,45.619999,156.770004,566.359985,10.470000,260.000000,68.709999,67.070000,787.820007,78.739998,732.169983,11.900000,128.240005,186.270004,1031.589966,161.970001,536.700012,516.789978,1357.260010,206.770004,235.660004,94.889999,1238.560059,67.620003,917.549988,291.149994,117.239998,128.850006,136.610001,182.639999,7681.080078,140.710007,68.529999,54.889999,277.179993,100.970001,91.510002,41.029999,211.820007,16.680000,131.559998,78.970001,151.960007,205.880005,181.589996,158.059998,109.300003,326.850006,294.070007,349.200012,27.270000,83.639999,130.339996,76.720001,611.539978,63.919998,576.770020,24.059999,333.000000,271.410004,157.449997,160.710007,100.580002,83.099998,105.360001,65.449997,20.035000,340.869995,97.690002,72.870003,292.970001,178.470001,477.589996,671.299988,3.650000,146.279999,369.010010,115.290001,42.230000,76.139999,79.900002,26.100000,571.830017,225.960007,43.450001,143.330002,186.820007,91.550003,934.460022,116.339996,107.889999,104.239998,265.250000,447.429993,5.290000,16.889999,262.290009,82.400002,101.290001,13.430000,36.259998,523.719971,227.300003,1000.289978,94.620003,344.410004,762.179993,160.169998,92.089996,106.910004,194.240005,71.500000,55.029999,241.199997,177.710007,63.060001,107.050003,73.480003,121.940002,81.279999,52.790001,288.190002,144.789993,49.830002,145.059998
2025-10-21,337.385721,15.883190,16.904504,112.485385,179.258175,85.015567,1.968670,56.841394,163.058026,20.725626,262.769989,231.389999,6.740000,87.699997,11.860000,246.369995,117.430000,14.320000,108.180000,78.379997,210.839996,279.010010,91.339996,179.470001,188.300003,222.029999,71.000000,22.580000,552.640015,85.589996,5.160000,177.039993,342.660004,82.660004,189.029999,91.639999,18.430000,46.750000,1130.000000,75.070000,491.290009,88.279999,99.900002,108476.890625,161.429993,59.820000,269.260010,156.529999,50.830002,87.989998,128.279999,156.289993,78.620003,264.690002,119.889999,417.970001,74.540001,36.099998,40.029999,75.000000,86.410004,937.500000,103.419998,263.410004,70.720001,23.320000,68.769997,83.040001,153.789993,60.869999,62.320000,261.970001,226.399994,26.830000,81.129997,156.250000,459.820007,102.959999,220.770004,114.300003,171.630005,32.060001,101.559998,94.589996,349.750000,106.040001,62.820000,373.459991,88.639999,150.550003,141.529999,43.320000,41.310001,242.839996,36.009998,299.209991,1565.829956,42.169998,226.850006,172.669998,84.779999,49.779999,39.939999,340.690002,306.630005,585.330017,136.009995,377.239990,81.320000,251.339996,250.460007,87.660004,25.240000,15.940000,432.010010,125.099998,265.959991,23.270000,28.160000,22.870001,64.230003,186.130005,435.290009,12.190000,63.490002,66.269997,156.789993,104.410004,462.739990,258.170013,257.140015,22.940001,246.990005,164.440002,201.119995,111.180000,297.089996,27.670000,17.540001,167.339996,25.580000,123.680000,27.500000,44.700001,67.599998,90.620003,14.930000,193.160004,284.130005,292.299988,94.830002,489.500000,245.270004,112.559998,34.680000,50.619999,45.209999,157.240005,572.030029,10.300000,268.429993,70.180000,67.519997,787.289978,79.019997,733.270020,12.460000,131.479996,182.869995,1028.670044,159.229996,540.359985,517.659973,1385.569946,202.289993,237.729996,86.320000,1241.349976,68.360001,941.500000,289.779999,119.080002,128.520004,140.520004,181.160004,7792.129883,144.360001,68.949997,55.080002,275.149994,101.309998,92.699997,40.910000,214.399994,16.750000,130.710007,79.389999,151.619995,208.130005,181.509995,152.000000,109.019997,328.970001,302.630005,348.320007,23.709999,81.330002,128.600006,75.000000,611.380005,63.070000,579.340027,24.360001,334.980011,268.220001,156.410004,173.039993,100.599998,83.120003,104.739998,67.129997,18.740000,345.730011,97.000000,72.910004,291.329987,178.720001,483.790009,671.289978,3.630000,153.820007,364.320007,114.360001,42.509998,76.400002,79.160004,26.049999,573.750000,228.220001,43.830002,143.910004,186.160004,92.000000,928.630005,117.139999,107.769997,104.250000,269.339996,442.600006,5.340000,17.190001,260.279999,83.019997,100.110001,12.390000,36.590000,525.919983,226.539993,1002.289978,94.730003,347.209991,761.409973,157.690002,91.830002,106.910004,186.520004,70.239998,54.540001,245.669998,175.119995,62.340000,106.220001,75.000000,121.129997,80.639999,52.730000,288.339996,145.130005,49.470001,146.089996
2025-10-22,336.539136,15.900863,16.599802,111.550667,178.578918,92.539526,1.929072,56.124803,165.299077,19.388568,258.450012,228.679993,6.790000,87.879997,11.930000,240.360001,117.269997,14.290000,107.849998,78.940002,210.169998,283.040009,91.269997,175.500000,184.940002,217.949997,68.199997,22.889999,564.820007,84.480003,5.130000,177.100006,340.299988,81.370003,188.110001,91.660004,17.760000,47.299999,1129.680054,75.070000,491.809998,89.199997,103.849998,107688.585938,161.720001,56.740002,276.519989,156.360001,50.619999,88.120003,127.150002,155.470001,79.860001,270.890015,118.180000,407.980011,75.160004,36.020000,40.049999,74.449997,87.410004,944.679993,104.400002,256.640015,70.660004,23.299999,68.360001,82.010002,155.570007,60.900002,60.000000,252.309998,218.330002,26.959999,79.709999,154.210007,462.359985,100.889999,218.100006,113.080002,172.410004,32.410000,101.940002,94.449997,345.209991,106.209999,63.740002,360.600006,89.449997,152.089996,142.279999,42.599998,40.779999,239.410004,34.500000,297.839996,1573.939941,41.689999,223.360001,172.160004,84.660004,49.080002,39.740002,338.239990,297.890015,576.000000,135.630005,377.279999,81.199997,252.529999,251.690002,85.669998,26.309999,15.870000,441.190002,124.879997,275.059998,23.090000,27.660000,23.379999,63.509998,184.199997,422.630005,12.050000,61.209999,64.769997,156.949997,103.949997,527.030029,251.029999,252.960007,22.780001,243.339996,157.699997,198.750000,108.540001,294.109985,27.389999,17.469999,164.690002,25.639999,123.300003,27.559999,43.860001,68.599998,84.300003,15.190000,188.470001,282.839996,288.970001,91.820000,487.140015,243.529999,112.669998,33.759998,50.619999,45.200001,156.149994,571.359985,10.610000,272.070007,68.980003,64.500000,795.619995,78.559998,733.409973,9.760000,128.300003,188.539993,1001.400024,158.119995,537.609985,520.539978,1381.439941,198.470001,234.149994,87.010002,1116.369995,69.080002,935.650024,288.630005,116.760002,125.480003,136.649994,180.279999,7697.160156,141.020004,69.589996,51.930000,272.660004,101.209999,91.419998,41.730000,212.419998,16.580000,130.059998,79.139999,152.199997,208.740005,175.490005,156.860001,109.339996,329.220001,297.589996,332.869995,23.650000,77.570000,131.399994,73.500000,605.489990,59.910000,584.739990,24.110001,332.119995,266.480011,156.050003,177.979996,100.610001,83.120003,104.750000,66.900002,19.160000,343.010010,97.480003,72.760002,284.130005,179.979996,479.739990,667.799988,3.410000,148.559998,332.750000,113.220001,42.660000,73.970001,78.599998,25.549999,543.729980,229.100006,43.599998,143.059998,186.970001,92.059998,925.859985,115.330002,104.599998,102.760002,268.489990,438.970001,5.390000,16.230000,255.559998,82.580002,96.269997,13.110000,36.599998,519.330017,225.240005,991.500000,94.680000,345.359985,752.409973,161.869995,92.220001,106.910004,185.830002,70.459999,54.509998,242.830002,175.940002,62.160000,107.139999,75.019997,119.389999,80.690002,52.430000,285.489990,145.960007,48.880001,147.110001
2025-10-23,334.521806,15.729866,16.044463,113.324942,169.532995,94.309283,1.953999,56.138142,169.532995,19.445609,259.579987,228.250000,7.600000,87.459999,11.870000,243.289993,116.180000,14.200000,107.550003,78.849998,211.580002,282.489990,97.360001,171.220001,189.199997,221.089996,69.040001,24.620001,589.700012,84.970001,5.080000,175.750000,344.290009,82.430000,186.529999,91.669998,18.160000,48.889999,1125.000000,74.919998,490.160004,88.769997,102.389999,110069.726562,154.979996,57.119999,282.940002,158.479996,50.959999,86.709999,125.410004,155.720001,78.440002,282.730011,116.330002,417.739990,74.559998,34.360001,39.599998,74.519997,90.080002,942.049988,104.980003,255.050003,70.269997,23.740000,68.029999,81.070000,156.559998,60.680000,58.770000,254.589996,240.960007,26.920000,81.290001,156.589996,469.420013,102.540001,222.729996,113.029999,175.389999,33.439999,100.769997,94.889999,346.279999,108.080002,63.330002,372.399994,90.070000,150.809998,147.169998,42.990002,41.230000,238.169998,39.759998,301.859985,1615.359985,42.070000,229.000000,178.199997,84.930000,49.619999,40.410000,341.500000,306.390015,595.150024,135.699997,378.790009,81.489998,253.729996,253.080002,87.480003,27.219999,15.860000,440.160004,125.250000,267.630005,23.190001,27.830000,24.030001,63.590000,181.580002,433.269989,12.040000,62.560001,67.169998,157.449997,103.930000,551.299988,250.919998,257.440002,22.680000,246.419998,160.770004,206.570007,110.550003,294.540009,27.549999,17.520000,168.380005,25.410000,120.959999,26.250000,43.119999,68.660004,89.320000,15.090000,191.389999,284.000000,293.279999,94.199997,488.049988,243.869995,112.529999,31.650000,56.889999,46.810001,153.330002,573.770020,10.800000,269.700012,69.489998,65.089996,792.969971,78.169998,734.000000,11.260000,128.899994,195.960007,1070.800049,159.309998,538.750000,520.559998,1437.750000,206.710007,235.949997,88.910004,1113.589966,69.680000,939.169983,283.829987,117.790001,124.739998,138.449997,182.160004,7679.410156,135.860001,69.760002,51.779999,280.070007,98.269997,92.970001,42.880001,215.020004,16.299999,133.289993,79.440002,152.210007,213.259995,180.479996,157.699997,110.699997,323.459991,300.309998,341.640015,23.420000,80.519997,135.809998,73.985001,610.580017,59.330002,575.690002,24.100000,336.290009,265.260010,156.660004,179.440002,100.620003,83.059998,102.589996,63.660000,18.750000,346.670013,96.150002,72.269997,291.059998,178.710007,482.700012,671.760010,3.540000,150.720001,353.799988,114.610001,43.020000,75.779999,78.209999,24.620001,536.690002,234.089996,43.610001,142.399994,186.850006,91.430000,937.640015,114.900002,107.220001,102.489998,269.100006,448.980011,5.250000,17.049999,254.529999,79.470001,95.680000,11.730000,36.310001,524.479980,220.039993,914.299988,94.430000,345.959991,762.260010,173.130005,92.160004,106.910004,191.369995,69.959999,54.919998,243.279999,176.059998,58.930000,106.860001,75.239998,125.400002,80.410004,52.540001,289.089996,146.039993,44.520000,146.389999
2025-10-24,355.192788,15.600624,16.923892,113.243818,172.024742,94.160912,1.890879,56.204035,166.104862,19.030672,262.820007,227.990005,8.880000,87.150002,11.890000,238.009995,115.980003,14.550000,107.180000,79.000000,211.860001,280.730011,105.639999,167.300003,187.139999,224.210007,68.900002,23.830000,620.000000,86.190002,4.850000,175.929993,354.130005,83.260002,185.830002,91.699997,18.209999,47.299999,1136.630005,75.019997,492.100006,88.000000,101.110001,111033.921875,154.600006,57.840000,281.940002,158.160004,52.180000,85.889999,126.059998,156.669998,78.000000,296.619995,115.849998,421.450012,74.750000,34.070000,39.529999,73.510002,88.029999,932.140015,105.059998,254.830002,70.629997,23.549999,67.860001,81.930000,155.559998,61.060001,60.950001,258.149994,248.669998,26.590000,81.010002,156.470001,472.760010,86.940002,223.009995,111.680000,179.279999,32.970001,100.040001,95.040001,342.350006,106.379997,63.419998,376.290009,92.050003,150.259995,145.860001,42.869999,41.369999,241.149994,37.470001,298.339996,1667.000000,42.630001,241.410004,181.960007,85.559998,49.470001,40.549999,350.769989,303.869995,584.390015,133.619995,377.519989,81.230003,260.510010,259.920013,87.360001,26.549999,16.070000,447.040009,125.110001,267.769989,23.500000,27.660000,24.410000,63.840000,179.380005,434.390015,11.880000,62.830002,68.750000,157.649994,105.230003,546.510010,250.210007,245.750000,23.000000,249.429993,159.589996,212.440002,112.940002,300.440002,27.160000,17.820000,169.470001,25.250000,121.239998,25.860001,44.259998,67.110001,91.180000,15.000000,189.960007,279.489990,293.200012,100.480003,485.410004,242.710007,112.720001,32.200001,57.599998,47.590000,152.860001,573.669983,10.940000,271.320007,68.139999,63.169998,801.669983,78.680000,738.359985,11.470000,119.900002,196.220001,1074.910034,163.860001,542.289978,523.609985,1434.319946,219.020004,235.899994,83.370003,1094.689941,69.110001,930.169983,280.500000,116.639999,126.029999,138.699997,186.259995,7430.919922,136.119995,68.610001,50.709999,283.329987,97.269997,91.949997,42.570000,217.110001,16.400000,133.960007,79.620003,152.490005,204.830002,184.630005,157.619995,109.730003,320.910004,293.750000,364.989990,23.299999,83.559998,134.979996,74.860001,617.099976,61.009998,577.950012,24.570000,335.670013,259.489990,156.750000,178.649994,100.650002,83.110001,102.139999,64.180000,19.280001,343.929993,95.879997,71.440002,295.859985,178.089996,489.450012,677.250000,3.600000,152.949997,379.079987,116.120003,43.070000,74.040001,77.349998,25.139999,532.090027,235.649994,44.189999,141.910004,186.850006,91.470001,928.630005,114.709999,110.559998,103.550003,269.890015,433.720001,5.450000,18.230000,255.119995,81.220001,99.309998,12.010000,36.240002,517.659973,216.610001,913.330017,94.500000,347.380005,774.140015,171.050003,92.430000,106.910004,201.470001,70.389999,55.180000,242.750000,177.940002,57.480000,106.169998,75.029999,125.570000,80.389999,53.110001,293.579987,146.029999,41.160000,145.940002
2025-10-27,372.311190,15.518765,17.954446,112.737220,174.673100,97.218455,1.837199,57.482064,168.757876,18.445062,268.809998,228.029999,8.120000,85.940002,11.800000,243.009995,116.389999,14.490000,107.550003,79.309998,212.190002,279.000000,96.230003,170.940002,186.750000,226.970001,68.610001,23.340000,643.099976,86.110001,4.660000,176.350006,362.049988,82.879997,187.039993,91.699997,18.930000,46.599998,1131.310059,75.059998,488.070007,87.760002,102.430000,114119.328125,153.850006,58.290001,281.679993,159.229996,51.910000,85.639999,129.059998,157.639999,77.830002,301.820007,115.500000,421.059998,74.589996,33.150002,39.740002,72.849998,88.690002,929.849976,104.160004,255.470001,71.389999,23.670000,68.050003,82.449997,155.279999,60.799999,60.450001,263.350006,256.049988,26.290001,81.379997,157.619995,478.100006,90.470001,221.009995,112.339996,178.139999,32.930000,100.220001,95.699997,342.489990,106.779999,63.310001,379.739990,94.309998,149.509995,144.399994,42.540001,41.099998,247.339996,36.810001,290.410004,1685.089966,42.450001,247.690002,185.089996,85.290001,49.470001,41.080002,353.769989,312.839996,584.390015,134.990005,367.010010,78.970001,269.929993,269.269989,86.790001,26.799999,15.640000,467.859985,124.970001,266.220001,24.180000,27.920000,23.530001,63.540001,181.449997,433.980011,11.520000,65.279999,69.489998,159.839996,106.459999,551.250000,255.580002,247.809998,23.459999,250.300003,161.000000,211.229996,113.050003,304.149994,29.230000,17.610001,167.770004,25.590000,122.260002,26.150000,45.080002,68.029999,90.680000,15.080000,189.110001,275.660004,291.140015,99.180000,486.910004,243.649994,112.910004,32.250000,59.439999,49.090000,153.169998,572.359985,10.980000,271.209991,68.320000,64.550003,811.440002,78.870003,750.820007,10.810000,119.190002,196.229996,1105.050049,166.020004,546.859985,531.520020,1419.709961,220.100006,238.350006,78.629997,1094.560059,68.589996,946.289978,281.640015,117.190002,126.199997,144.160004,191.490005,7438.330078,136.729996,69.290001,52.680000,281.399994,95.790001,92.050003,42.299999,220.289993,16.430000,137.759995,79.570000,151.740005,206.610001,189.179993,153.210007,109.129997,325.799988,293.559998,374.140015,24.840000,82.070000,135.419998,75.250000,628.090027,67.919998,585.309998,24.240000,337.570007,259.209991,160.729996,179.240005,100.660004,83.089996,104.769997,67.510002,19.459999,346.250000,95.400002,71.980003,304.079987,179.779999,496.640015,685.239990,3.910000,158.020004,376.739990,117.029999,43.400002,75.839996,78.000000,25.530001,528.460022,236.740005,44.630001,143.270004,187.509995,91.779999,929.400024,114.970001,116.430000,104.910004,270.339996,452.420013,5.210000,18.260000,254.270004,80.470001,98.800003,9.570000,36.009998,522.820007,218.229996,900.340027,94.930000,347.820007,788.010010,174.350006,92.690002,106.910004,199.300003,71.550003,55.639999,238.910004,182.610001,57.669998,104.470001,75.260002,125.440002,80.690002,53.330002,299.000000,146.369995,46.000000,147.529999
2025-10-28,364.088703,15.618776,18.134552,111.882152,176.803151,91.895709,1.865867,58.212263,172.260778,17.914422,269.000000,227.539993,7.790000,84.720001,11.630000,239.350006,115.110001,14.460000,106.680000,78.389999,207.889999,267.500000,96.680000,169.080002,185.100006,229.250000,66.839996,22.730000,626.820007,86.639999,4.630000,174.490005,372.970001,83.860001,184.210007,91.709999,18.719999,47.860001,1124.949951,75.099998,481.440002,82.379997,100.970001,112956.164062,151.690002,58.740002,275.579987,156.160004,51.330002,84.260002,128.070007,151.750000,77.139999,326.450012,115.220001,414.299988,73.440002,33.189999,39.520000,71.750000,86.790001,924.159973,101.419998,254.259995,72.620003,23.379999,67.820000,82.199997,154.130005,59.619999,57.860001,261.420013,250.990005,26.160000,81.900002,157.270004,468.190002,87.610001,216.899994,111.650002,174.059998,32.009998,98.550003,95.660004,339.399994,105.900002,61.459999,376.010010,94.449997,146.919998,141.139999,41.630001,41.169998,249.550003,37.580002,267.579987,1666.640015,42.279999,239.600006,179.389999,85.870003,49.160000,40.860001,346.679993,309.790009,570.979980,134.369995,364.380005,78.389999,268.429993,267.470001,85.629997,26.620001,15.540000,466.459991,122.690002,260.899994,24.250000,28.070000,23.090000,63.209999,180.250000,455.339996,11.590000,64.489998,68.650002,157.270004,104.050003,545.390015,252.699997,245.869995,23.959999,248.960007,158.309998,214.520004,112.209999,305.359985,28.850000,17.590000,170.039993,25.520000,120.610001,26.080000,44.450001,67.690002,89.779999,14.510000,187.809998,259.690002,287.380005,97.970001,485.769989,244.070007,112.919998,31.090000,58.200001,47.610001,151.070007,565.929993,11.060000,265.459991,68.430000,63.639999,804.590027,78.750000,751.440002,11.290000,118.760002,192.210007,1086.359985,165.210007,593.760010,542.070007,1404.579956,221.910004,235.320007,79.339996,1102.500000,67.430000,937.909973,280.399994,115.910004,127.339996,151.990005,201.029999,7461.330078,136.089996,69.099998,51.799999,280.829987,96.300003,91.300003,40.830002,221.380005,16.120001,138.029999,82.199997,151.369995,206.160004,189.600006,149.809998,108.870003,324.339996,286.950012,384.260010,25.379999,81.220001,133.660004,78.510002,632.919983,70.000000,654.479980,24.270000,331.200012,256.570007,160.699997,178.669998,100.669998,83.099998,104.839996,68.660004,19.230000,342.700012,93.910004,70.919998,304.450012,176.770004,493.679993,687.059998,3.750000,161.070007,379.890015,118.680000,43.090000,80.260002,75.889999,25.700001,525.450012,236.539993,44.330002,144.029999,187.449997,92.019997,915.010010,113.110001,119.089996,104.959999,268.130005,460.549988,5.110000,17.799999,251.570007,79.949997,94.940002,9.140000,35.040001,518.789978,217.589996,875.669983,94.230003,346.899994,796.140015,169.339996,90.870003,106.910004,190.589996,70.050003,55.610001,236.929993,179.699997,57.590000,103.169998,72.610001,120.849998,79.820000,52.990002,301.959991,145.449997,42.000000,145.410004
2025-10-29,391.093163,15.489532,18.117846,111.861055,185.734208,92.446574,1.829307,58.173356,167.511229,18.229988,268.653107,225.199997,6.811300,85.739998,11.770000,235.610001,122.269997,14.405000,105.800003,77.760002,207.854996,262.519989,98.660004,165.699997,184.475006,228.979996,65.275002,22.815001,625.210022,86.449997,4.795000,172.500000,380.290009,83.570000,181.533707,91.738197,18.299999,48.459999,1106.166260,74.794998,475.174988,79.900002,100.550003,111027.515625,149.250000,61.430000,277.529999,156.669998,50.615002,81.995003,130.899994,151.169998,75.430000,338.899994,111.000000,440.619995,72.500000,37.070000,39.035000,69.680000,88.029999,911.479980,97.779999,252.990005,71.184998,23.295000,71.440002,81.254997,155.750000,59.040001,58.840000,267.040009,240.867493,26.330000,82.180000,155.617004,475.355011,84.440002,215.070007,110.550003,168.449997,32.150002,97.610001,94.949997,336.029999,106.129997,59.139999,387.255005,96.635002,142.979996,143.729996,40.880001,42.810001,251.440002,37.132000,260.130005,1583.569946,41.904999,241.820007,174.895004,84.360001,50.080002,40.869999,341.642487,313.359985,580.940002,132.029999,365.059998,78.529999,274.135010,273.440002,78.940002,27.415899,15.220000,471.070007,122.510002,260.959991,24.264999,27.730000,22.920000,62.529999,173.899994,472.845001,11.565000,63.145000,69.340103,150.794998,102.510002,536.905029,251.380005,242.445007,24.285000,247.470001,158.779999,225.289993,113.459999,305.790100,27.360001,17.459999,170.869995,24.174999,119.169998,26.014999,42.470001,66.114998,91.860001,14.265000,188.104004,250.764999,286.975006,97.589996,485.394989,238.130005,112.324997,30.770000,58.950001,46.410000,149.940002,553.625000,11.060000,263.519989,65.779999,62.520000,811.034973,78.440002,745.849976,11.200000,117.400002,196.217499,1100.680054,164.350006,567.609985,539.489990,1389.489990,229.544998,233.089996,79.940002,1100.130005,65.277000,914.190002,280.250000,114.639999,128.460007,154.100006,206.550201,7278.890137,138.690002,67.675003,51.410000,275.049988,94.940002,92.504997,40.730000,217.906006,15.825000,138.080002,82.500000,148.860001,196.779999,198.020004,146.929993,108.055000,318.005005,283.545013,405.209991,23.469999,87.574997,138.289993,76.910004,633.570007,70.165001,651.064026,24.135000,327.639008,253.360001,159.489899,176.925003,100.682404,82.979103,101.135002,68.070000,18.570000,338.394989,93.275002,69.699997,309.869995,173.610001,473.380005,686.070007,3.610100,163.451996,406.045013,117.480003,38.575001,80.129997,74.393799,25.184999,518.809998,241.190002,44.025002,142.139999,186.910004,91.250000,929.229980,113.070000,119.415001,104.339996,268.399994,460.665009,5.110000,17.680000,251.360001,80.050003,96.720001,8.320300,33.775002,504.464996,216.979996,875.880005,93.110001,341.049988,800.994995,171.250000,88.690002,106.910004,198.699997,69.529999,55.720001,229.809998,176.085007,57.279800,102.470001,71.360001,121.349998,80.095001,52.160000,303.674988,144.279999,40.279999,144.214996
